image_reference,image_id,errs_trans,errs_angle,pixel_dist 
001199, 0,4.864552781361182,1.850252353092930,1.516481161117554
001198, 1,8.937068850898696,4.238566817033764,2.994119405746460
001195, 2,3.244929226991179,3.672246667352753,3.043424367904663
001193, 3,9.100195407526593,3.652892916847938,3.580284595489502
001191, 4,9.475346260595494,1.101703689777830,1.267437696456909
001190, 5,9.711622155438086,6.490264406693677,3.932692050933838
001188, 6,13.624254230209209,6.042807979241624,3.990190982818604
001186, 7,4.917303635993935,3.556504470540322,3.221610546112061
001185, 8,11.203222542687532,6.480470466108283,3.738704204559326
001183, 9,13.624715439343209,6.069947371253034,4.994084835052490
001182, 10,9.655673005682271,3.329649124813303,4.189003467559814
001180, 11,12.702301426004331,2.893004745527201,2.689403772354126
001178, 12,7.125206815599590,7.771074569039634,5.168691635131836
001177, 13,5.906997397792101,10.404968387959082,7.296068191528320
001176, 14,68.378295649563313,8.621750516500034,6.251034736633301
001174, 15,33.578528486655458,9.724927095064363,8.497549057006836
001173, 16,40.324442771816628,0.990049392284147,2.183614969253540
001171, 17,3.446884133581994,4.206464443875798,2.992528915405273
001170, 18,11.564069254623453,5.806636366440404,3.334569454193115
001168, 19,8.136615739486725,8.493965181481109,4.123993873596191
001166, 20,18.023918040024796,2.543379519776955,2.091701030731201
001165, 21,2.539789216978538,2.712558640713983,2.019060850143433
001163, 22,12.358812023966170,2.106992232481955,1.936439871788025
001162, 23,0.626371827272607,2.202444244831661,1.066977262496948
001160, 24,15.310521235146267,3.201959800115849,2.008267164230347
001159, 25,12.650208759276003,2.869213170733562,2.063682794570923
001157, 26,22.822989565755634,4.733371717281511,2.853933095932007
001156, 27,31.878581878781542,9.080614253311849,4.358495712280273
001155, 28,11.611085159818636,5.511074055625619,2.912683725357056
001152, 29,10.818599358921666,6.979685110825724,3.336387395858765
001151, 30,6.395445901972887,6.787410303086745,2.978530168533325
001149, 31,7.740679059362615,5.064730423996160,2.387827873229980
001147, 32,22.189019918570125,2.812093809737548,2.334670782089233
001146, 33,4.371364609301717,1.440295914181362,1.028997302055359
001144, 34,7.884147634192970,12.848466356675672,6.247169494628906
001143, 35,7.038726775882904,28.302113249251875,15.200638771057129
001142, 36,19.427969307457140,25.588083001480818,14.646293640136719
001141, 37,18.095245675045096,3.369603955079077,1.649212956428528
001140, 38,1.622389144312898,4.454705664145851,1.859901428222656
001138, 39,8.984460067171273,4.626288345220675,2.443620204925537
001136, 40,44.311161087698594,9.084820474200999,4.878165721893311
001135, 41,24.170400726998782,4.254692502001560,3.657742977142334
001134, 42,3.687926700124899,3.686315430358080,2.293261528015137
001132, 43,20.673515485322593,6.606056393145130,3.230149745941162
001131, 44,9.849742056601896,3.560154895592529,4.280697822570801
001129, 45,34.519008347985981,11.132823819958007,4.011548995971680
001128, 46,31.555595202735567,9.691706934835997,4.308141708374023
001126, 47,28.175869751891970,8.591465193290679,3.173036336898804
001124, 48,7.741201670155828,3.350027765761681,2.168900489807129
001123, 49,5.510506317127850,3.214656029281616,2.363849639892578
001121, 50,28.981909522610689,6.419789003295608,2.818268537521362
001120, 51,3.959424420046160,2.185501714523701,1.672629714012146
001118, 52,3.352242431884267,1.884712743978236,1.211475610733032
001116, 53,9.035912523885875,2.503824583625007,3.809375762939453
001114, 54,28.054166765991187,2.952071557094733,1.723512172698975
001113, 55,10.747520261118588,3.423934594200240,3.290886640548706
001112, 56,10.829884598016861,1.396984223185755,1.755730748176575
001110, 57,20.114348056356807,6.561123371853974,3.582177877426147
001109, 58,11.035789699221040,6.038528684644582,3.034358024597168
001107, 59,11.921399016449524,1.815685769083238,2.157213687896729
001106, 60,22.309551243613711,3.384683854811681,2.483546972274780
001105, 61,6.411793062472345,0.574052056454680,1.483910799026489
001103, 62,45.880124298786853,0.842624438535680,1.312424540519714
001101, 63,3.000978662263439,4.347492671332347,2.035202026367188
001100, 64,21.971716297668586,4.894555988394350,2.166054248809814
001098, 65,4.004338096899436,6.614756286684392,3.181665420532227
001097, 66,2.684609367710403,6.138879613324903,2.290657997131348
001096, 67,12.139489838964726,2.034473223582176,2.076667308807373
001094, 68,13.051778056940430,2.819170164953976,1.411859631538391
001091, 69,65.102307829735665,19.819128637706161,8.116488456726074
001090, 70,41.741652593170095,2.652730194503285,3.787571191787720
001089, 71,47.114386144013757,3.325347081124859,3.514715194702148
001087, 72,24.255607928222826,2.679080218116552,5.561526775360107
001085, 73,19.476073180033140,7.935264084360466,3.654893636703491
001083, 74,13.596263353389048,4.508818104589806,3.267103195190430
001082, 75,35.710209700949058,3.129846311645947,2.900291204452515
001080, 76,26.015965457123695,2.570341542619742,1.973870635032654
001078, 77,1.672655572901161,2.382805559367214,1.081582903862000
001077, 78,5.767943445839133,1.985228362763586,2.320447444915771
001075, 79,31.294764299095611,3.903064213703998,2.219818592071533
001074, 80,18.740013941489874,3.020815359130962,2.292764425277710
001073, 81,24.976206349552246,1.642690223732729,1.925725698471069
001072, 82,8.019419942249375,3.866884875525750,2.809914827346802
001070, 83,6.449537834579394,3.908753490350333,2.334757089614868
001069, 84,3.864810601778768,3.409336238125118,1.590963006019592
001068, 85,10.601835861953358,3.222669047025897,2.266839265823364
001066, 86,12.032680890853724,4.627387203119295,2.971201419830322
001065, 87,13.216440866112801,3.322497012052681,1.902136921882629
001064, 88,36.215639222633953,7.797472161127481,4.512516498565674
001063, 89,9.969157259657562,12.531307606004500,4.454595565795898
001061, 90,14.423528078989410,5.994149976683739,4.151922702789307
001059, 91,38.280817157275600,6.934056358207866,3.487133979797363
001057, 92,16.851740830595258,4.657306191562652,4.520959377288818
001056, 93,17.860586229168288,2.329328285632467,2.811923265457153
001054, 94,10.736489509315682,4.968384621033620,2.962738275527954
001053, 95,7.026157150348656,9.134353461325517,3.537777185440063
001052, 96,4.420545427947903,1.560422959041166,2.595957994461060
001050, 97,11.350803579775853,8.561150927874314,4.378418445587158
001049, 98,7.290643013695306,7.384097877190138,5.728376388549805
001047, 99,43.220935609573729,16.049569619747075,6.925506114959717
001046, 100,17.240387195572499,12.743674479845597,5.425981998443604
001044, 101,4.120146223789810,9.821780632701083,6.463758945465088
001043, 102,18.311676250411310,8.105465595462510,4.061227798461914
001042, 103,8.405430833384782,5.974437659666020,3.079501867294312
001040, 104,4.181328063235606,2.857783072160125,1.788629770278931
001039, 105,7.392593022807981,4.664375388079859,4.182319164276123
001037, 106,8.068152529164909,1.549565516117313,1.645049452781677
001035, 107,19.033386468785487,3.651719521389787,3.520777702331543
001034, 108,6.875781328210770,3.155624485170277,3.929808855056763
001032, 109,3.443717994011547,5.848975939155009,2.735311508178711
001031, 110,39.082669828609454,6.833001608440222,2.878067731857300
001030, 111,40.814149171067378,8.233163390547084,3.173367261886597
001028, 112,18.747249817384997,5.616211763744383,2.861947298049927
001027, 113,4.458375236132324,5.327246459335120,2.215853929519653
001026, 114,62.555790122166570,4.183007755617989,4.105833053588867
001025, 115,5.073799370489675,7.735244063326652,5.515379428863525
001023, 116,10.208883406417236,5.769478451581405,2.225158691406250
001021, 117,7.293777460816510,7.537808942662271,3.254080057144165
001020, 118,4.354679299289031,11.330212218758776,5.169961452484131
001018, 119,6.454932991210300,9.144898914938970,4.281614303588867
001017, 120,9.475334550674292,9.230709048808878,4.725707054138184
001016, 121,3.425907286458152,2.624107528887546,1.369291424751282
001014, 122,4.990910971328947,1.967260569609478,1.896814107894897
001012, 123,8.600893869521242,1.385250487507830,3.357842445373535
001010, 124,18.205719702018271,3.159496865973107,3.220258712768555
001009, 125,4.515157352697196,3.018126000755345,2.908454418182373
001007, 126,9.847386589400724,4.903285641982280,4.595979213714600
001006, 127,5.005610045328815,4.771850756242398,2.317834138870239
001004, 128,6.117414122858627,5.749779862322669,2.946077108383179
001003, 129,6.099068381444106,5.494687925609996,3.643567800521851
001001, 130,8.765643937145411,4.328537238898869,2.573633909225464
000999, 131,10.837169066544183,6.249857808420336,3.440382242202759
000997, 132,33.272685874790874,6.540932907374275,4.003514289855957
000995, 133,14.398640740984478,2.303833847035120,3.041298389434814
000994, 134,11.368077853069813,5.788032340375437,3.150018215179443
000993, 135,9.433032943067337,2.181463405151113,1.823664069175720
000992, 136,15.750715929782178,2.694896828845796,2.641230821609497
000990, 137,6.028345923102063,3.723122871113135,1.513588190078735
000988, 138,8.203757852176812,2.995759996303627,2.866615772247314
000987, 139,3.331257259886804,3.890675602882095,1.988768458366394
000985, 140,13.788362798768574,11.365506895443662,5.612451553344727
000984, 141,7.810875829482341,5.845896826176756,4.155072689056396
000983, 142,5.926073308642374,3.702987632459358,2.908420324325562
000981, 143,22.123299927543439,4.624091112938777,3.814871072769165
000980, 144,13.473206478680519,3.196581666719037,2.815656661987305
000979, 145,19.869622504208142,3.895847778145302,2.293471097946167
000977, 146,11.459603777163686,4.221971095712354,2.934434175491333
000974, 147,8.554441906158045,7.456476268470109,5.254264831542969
000973, 148,5.550090205397347,7.234978208242412,4.034245967864990
000972, 149,7.258573064616529,6.378329837490455,3.094340562820435
000970, 150,9.043345809416060,3.423948690951635,2.310693502426147
000969, 151,4.610144502630926,4.879175459976358,2.775699377059937
000968, 152,21.434956506794663,5.778231663313350,5.085833549499512
000966, 153,6.936713206900934,7.827020785630147,4.615058898925781
000964, 154,14.302010106394251,8.384711645920008,4.080898761749268
000963, 155,12.457499329307423,15.204924923092246,6.783974170684814
000961, 156,28.946393266362751,4.746088804984161,2.978846311569214
000959, 157,6.386348456551970,8.784530578011029,4.205735683441162
000958, 158,5.383780411135025,8.881141623850487,4.199721336364746
000957, 159,20.722882015250736,6.014160793978834,2.431668996810913
000955, 160,26.952736397356681,4.355948907626483,3.431169271469116
000954, 161,12.650338787303371,4.771908280659816,2.588894844055176
000953, 162,12.044908224480153,5.798386108296405,3.566387176513672
000952, 163,6.917247154866630,5.346020744727764,4.342957973480225
000951, 164,4.756422004800721,5.392796238980967,3.510403633117676
000949, 165,13.535549054188811,5.738512359158777,3.982942581176758
000948, 166,16.636323928182943,4.742795928291995,4.600473880767822
000946, 167,17.058101412700893,8.047286493465215,4.815834999084473
000944, 168,1.693500328064045,5.128645159055602,2.400423526763916
000943, 169,2.409039626706013,6.211542599170997,3.436684846878052
000942, 170,11.833822571660050,4.165638046270107,2.329485654830933
000940, 171,8.684867529551846,4.192167354634266,2.460572719573975
000938, 172,9.172500438321540,0.996905518700132,1.481812000274658
000937, 173,5.812419255853089,5.034122527595930,2.844337224960327
000936, 174,23.487482345429125,9.420173510889926,4.771054267883301
000935, 175,8.108480017759584,8.913421795807762,3.611764907836914
000933, 176,25.513971166093953,6.544622089356494,3.883382081985474
000932, 177,6.125106441590063,8.257199642468189,4.412970542907715
000930, 178,27.916383192875081,1.417116650900332,1.477387785911560
000929, 179,15.429378124170597,2.749880984327536,1.966682791709900
000928, 180,12.131780441855776,1.169932026960345,1.520022511482239
000926, 181,5.914454916206949,5.205881482139058,3.675728082656860
000925, 182,24.021962639002414,3.054755681698643,3.858078956604004
000923, 183,3.157947744419686,1.207009104192112,2.072542190551758
000922, 184,11.659302480007137,5.603131759754768,1.990977048873901
000921, 185,24.198185611161072,4.196251211278054,3.915073394775391
000920, 186,7.779987605419917,2.537851539821811,2.012128353118896
000918, 187,2.999569950194513,6.450039080292830,3.602070331573486
000917, 188,8.014952020928575,7.183919592862603,3.875856637954712
000916, 189,3.702707414622104,4.923159354578639,2.374500989913940
000915, 190,5.074318922538238,5.196112929124993,3.133270025253296
000913, 191,12.002859196056949,2.397225529447383,1.928188920021057
000912, 192,7.627592672687408,3.372575805867100,2.736211538314819
000911, 193,20.649900684903141,6.312298800858936,2.996660947799683
000910, 194,2.601150458406105,4.187798990640692,1.846495389938354
000909, 195,21.198348270430827,7.240311157313574,2.960180759429932
000907, 196,3.803213990882383,2.857712393111694,2.562465906143188
000906, 197,5.487562834898370,4.017662123578341,2.428424596786499
000905, 198,20.251667001532688,4.430151235802678,2.487590789794922
000904, 199,36.273560301163101,11.261342504713646,4.103574275970459
000903, 200,6.261209115437178,8.473670573245128,3.603615760803223
000902, 201,12.332286678625517,4.793667225793495,3.069544315338135
000900, 202,14.467200982628471,3.473779308726474,2.461967706680298
000898, 203,35.975679566016886,9.582942773696949,6.141644477844238
000897, 204,22.870647409270564,2.875405073820718,2.153550386428833
000896, 205,38.138791711754735,1.451477240832478,2.348484992980957
000894, 206,23.944009041927515,2.466561407852396,1.214765906333923
000892, 207,4.465925672511872,5.501288207878380,1.959475398063660
000891, 208,3.968809978819999,3.651796649162639,3.273123025894165
000889, 209,14.833971656056374,2.882756725091194,2.427216053009033
000887, 210,5.589269960394526,4.723976931494054,3.435089349746704
000886, 211,4.239622833328643,8.381157675083864,4.030514717102051
000885, 212,7.899891881321977,9.045288864606793,3.965840578079224
000883, 213,7.727482370764433,11.915038173737365,6.141694068908691
000881, 214,25.084174909017491,6.492644215821795,4.422845840454102
000879, 215,23.684272209355203,6.651832338208320,5.149305343627930
000878, 216,34.580943781399633,8.463972986672879,5.229072093963623
000876, 217,9.053687969372454,3.959305205026332,2.393018722534180
000874, 218,9.838070304366276,4.216833152083759,3.080104351043701
000872, 219,3.723190862419416,3.767377132745537,2.586078882217407
000871, 220,6.757634103086535,3.079938385596246,2.451730251312256
000869, 221,20.187327910395247,4.724570355869377,3.580127239227295
000867, 222,12.975236265014907,3.417464939651901,2.607856750488281
000866, 223,18.970016049981865,1.420019200801091,1.405791640281677
000865, 224,10.710647887843743,6.495966987309866,2.766129493713379
000863, 225,4.555571955293993,5.657022831061416,3.319164991378784
000862, 226,11.276223507804060,5.112422807527437,3.663830518722534
000860, 227,9.109527307274329,3.290386059081690,3.122189521789551
000859, 228,9.485877096605927,2.179607005372158,2.504540920257568
000857, 229,17.700641480623091,7.551262725995262,6.395690917968750
000856, 230,11.638464858017114,3.061630546737524,3.136270999908447
000855, 231,16.301608338862888,1.606295666365820,2.414378404617310
000853, 232,5.899964026642044,15.227727489585885,5.459845066070557
000851, 233,15.590603453652802,3.588941918938472,2.394404888153076
000849, 234,5.489338092411452,3.961280524844309,1.390617847442627
000847, 235,37.723679117431132,8.383908404883192,3.631276845932007
000846, 236,12.618945226275409,6.441712534261072,2.567409992218018
000845, 237,15.753535419319793,5.602571882626528,2.787268638610840
000843, 238,7.136711884776450,3.226868582917801,2.264196157455444
000842, 239,5.805129238865419,3.463781379247485,1.761077523231506
000841, 240,2.458093631580867,6.958991077291586,2.721772909164429
000838, 241,5.048456843450815,8.121902968687889,3.743945837020874
000837, 242,58.236032077213132,4.107135670349886,4.499127864837646
000835, 243,40.407894803233191,4.089609900467609,3.438363313674927
000833, 244,6.260024323802791,2.536638066023757,1.661092877388000
000832, 245,7.277629404218812,0.850917489833837,1.886729478836060
000830, 246,5.419116335037047,3.207649093470636,1.763527989387512
000829, 247,58.417705091929541,7.254444474679846,3.913477659225464
000828, 248,19.602890906348609,6.909836127812401,3.813572645187378
000826, 249,27.154309511994487,6.674585568039526,3.058315753936768
000825, 250,3.719550045305123,5.144030576494436,3.817651033401489
000824, 251,7.117067179944363,9.591371321048269,4.377975940704346
000822, 252,8.260929111801639,8.877562939337139,4.895503520965576
000821, 253,10.009895770830514,5.420455864375939,3.012184858322144
000820, 254,14.854258088244157,3.988314874062807,4.502895355224609
000818, 255,29.656286668119797,6.590303743702922,5.047973632812500
000817, 256,13.849554783137943,5.768816129045715,4.093242168426514
000816, 257,13.607309460508189,10.335001876772372,5.656800270080566
000814, 258,5.626862495532153,2.749847962178846,2.703575134277344
000813, 259,8.620262979672200,2.953016834587407,2.985963106155396
000812, 260,26.802483191043869,1.052563872132755,2.389786005020142
000810, 261,21.759447196663221,1.140336695601190,3.607770204544067
000808, 262,2.838150803802963,7.797115565967583,4.658128738403320
000807, 263,10.013745824481155,5.821715061666247,3.822018861770630
000805, 264,105.838327446520040,78.173654803985784,28.766717910766602
000803, 265,14.956428337102764,1.408431925530953,2.605665445327759
000802, 266,17.702054665570159,5.746365830959638,3.339731216430664
000800, 267,4.690777453722630,3.917419476740360,2.092877149581909
000798, 268,5.166816540114040,2.927110666316217,2.601147890090942
000797, 269,16.118724874557515,3.693318528181071,4.070293903350830
000796, 270,3.843834167690316,0.976052564097280,2.796199560165405
000794, 271,5.838041092319155,3.349045512320351,3.588204860687256
000793, 272,17.640403283307137,6.517326785733877,3.249416828155518
000792, 273,5.369825383456717,8.139303435174821,4.995432376861572
000790, 274,9.317868305537829,2.563933541835318,1.729958772659302
000789, 275,5.714034367740360,4.323891509409179,3.251106023788452
000788, 276,4.488551392486458,2.225848331631719,2.292016267776489
000786, 277,4.409221975794317,3.065376223507823,1.910147190093994
000784, 278,4.164830354610449,2.463517307417064,2.049914360046387
000783, 279,7.590996368173067,6.502923401379331,2.846239089965820
000782, 280,5.285776485634376,2.685643324319368,2.166147232055664
000780, 281,9.380195774713044,9.816044443996178,4.017791748046875
000778, 282,3.789107921604864,2.658979554005182,2.572992801666260
000777, 283,13.453224989965587,4.362636757658726,3.624550104141235
000775, 284,18.693407702053854,3.220374676934259,3.156459331512451
000774, 285,18.101600526889385,9.117637107906733,3.832678794860840
000772, 286,4.326372043620887,7.400801262583601,4.795559406280518
000771, 287,12.083996888759316,5.378355338680467,2.470419406890869
000769, 288,2.805900877983418,2.283007107487772,1.062453746795654
000767, 289,5.323523250175799,6.473793938455346,3.511086702346802
000766, 290,4.944660243324153,6.089763810906401,2.950718164443970
000765, 291,9.385500277771499,2.136276281787514,4.995107650756836
000763, 292,19.337204193063673,5.114686439917627,2.749723911285400
000762, 293,6.911895356214628,4.292778989320788,2.783638000488281
000760, 294,5.617652921632208,4.688605096229540,1.717239141464233
000759, 295,8.782595469353229,4.059821293131999,3.930948019027710
000757, 296,6.452108323521785,1.503607886157857,2.963827371597290
000755, 297,22.481678516802848,1.553429154524939,3.614999055862427
000754, 298,17.583432367047475,6.533650472311536,2.902252912521362
000753, 299,19.927696478738689,5.045184906177230,1.889974117279053
000751, 300,10.297484561787588,4.681015997110447,3.765174150466919
000750, 301,26.064270533166056,4.852948056276683,3.691369771957397
000748, 302,10.250053647246871,1.847127760395517,1.869069814682007
000747, 303,2.331973719285845,2.202784369487794,2.024200201034546
000746, 304,3.160275538922166,4.219442497147146,2.938654899597168
000744, 305,4.554191570443304,4.607320623222944,2.814341068267822
000743, 306,26.282266203284344,5.004016730340880,3.241709232330322
000742, 307,8.420567167300739,1.781614595514198,1.755783796310425
000740, 308,11.590206123780463,18.482932825520241,8.243406295776367
000739, 309,6.839617293366884,4.350233925081700,4.102317810058594
000737, 310,10.824448294100876,72.309814251525950,21.126857757568359
000736, 311,8.245690285738267,5.054961118748683,3.336752653121948
000733, 312,17.032704207491125,3.213580501924548,3.244815587997437
000732, 313,16.203981542575601,1.702031642371565,1.775239348411560
000731, 314,28.934934978340252,4.609073689467146,2.458064079284668
000729, 315,14.149938309386821,8.800615153355048,4.939768791198730
000728, 316,8.385566165431877,8.438135993879870,4.944440364837646
000727, 317,8.796064467487248,6.986336416677707,3.890867233276367
000725, 318,4.005812627408776,7.878779437936291,4.750698566436768
000724, 319,2.846753072219773,9.624352372556340,5.817427635192871
000722, 320,13.533278966416150,6.486436998737288,3.101318836212158
000721, 321,22.904791032453954,5.320257095552947,2.931860208511353
000719, 322,4.520968444530789,15.366665702425818,7.229030609130859
000718, 323,10.402972462775871,18.274323533710803,7.107637882232666
000716, 324,8.505043742183858,7.344065880366990,2.640880107879639
000715, 325,6.709562380442223,8.329129374242850,2.546787977218628
000714, 326,4.371080266964654,5.400862518707627,3.580112695693970
000712, 327,31.689408292393832,1.724632929575076,2.002516269683838
000710, 328,12.594603567631900,10.889836394963901,3.617915153503418
000709, 329,14.580252994877988,9.685846623879387,3.877727746963501
000707, 330,17.231012406893893,7.849957774772292,2.696087121963501
000706, 331,20.464665880698888,4.688740361937938,3.640079736709595
000705, 332,19.511968737717332,7.179073508536129,3.305920600891113
000703, 333,6.148322061036596,13.786673049112066,6.643251419067383
000701, 334,4.651637227617476,7.425575290125662,3.379475593566895
000700, 335,14.785544489895981,2.478275041049402,2.037651062011719
000698, 336,8.592868610677495,22.975643785297219,8.305535316467285
000697, 337,10.277151535022291,1.712010643740892,2.717689990997314
000696, 338,4.352187425261503,3.816172142679544,2.537430286407471
000695, 339,6.033978236582879,8.074121899422614,3.478722095489502
000694, 340,19.504005127361431,11.856618467221358,5.304057121276855
000693, 341,3.493864537510182,9.385858330090304,4.143496513366699
000692, 342,8.133859500245054,8.266313269743568,3.906098604202271
000691, 343,11.234652918392849,4.232971520472283,1.899364709854126
000689, 344,48.140222367481172,121.127054639122790,62.430496215820312
000688, 345,21.499101121979329,22.693755206948047,13.064372062683105
000687, 346,15.312164675106755,7.094997874282901,5.157962799072266
000686, 347,2.403908324459734,11.370729047373858,4.258254528045654
000685, 348,7.817969694480573,11.431110643697149,4.653209209442139
000684, 349,12.842953946615602,10.955898826696622,3.305508136749268
000683, 350,4.432161999676365,10.070560908450853,6.060911178588867
000682, 351,11.302626518011518,8.740145162717234,4.834649562835693
000681, 352,3.142400687140409,10.853284817823303,4.049347877502441
000680, 353,10.396430452130561,8.977152698821326,3.025163888931274
000679, 354,14.134874444434043,5.813104025559429,2.271457910537720
000677, 355,3.905935355203168,8.877596539565085,5.299458980560303
000676, 356,29.675675444219088,8.857843176085678,5.614453315734863
000675, 357,9.142847423212631,6.042552484247820,3.181799411773682
000672, 358,12.041665124584330,6.246686959745931,3.901428937911987
000670, 359,5.704711764923513,5.656246517514856,3.842924833297729
000669, 360,22.611646163053749,5.382601858378531,4.076451301574707
000668, 361,8.198640575088310,3.349113685371705,1.806166291236877
000666, 362,18.055899076160550,6.670646483479289,4.394005775451660
000665, 363,12.788423159076402,2.553174087127127,2.139619827270508
000664, 364,9.299026359519370,4.186919579316810,4.193578720092773
000663, 365,18.960172543348776,6.037411482489744,7.337618350982666
000662, 366,14.214566662668036,6.597986697773528,4.961123466491699
000661, 367,23.004503398686282,6.735773451421906,4.605360984802246
000659, 368,2.407961308245839,7.039079203014006,3.695897817611694
000657, 369,8.365607977508976,6.935703842579268,4.592992782592773
000656, 370,17.841570076031672,5.176013276089646,3.698992252349854
000655, 371,5.038296623081242,5.931204875838387,3.630050659179688
000654, 372,54.675809693142888,2.840741113634272,4.003545284271240
000652, 373,22.590879794777791,10.555022194067472,6.262166976928711
000651, 374,3.037475487308793,9.053158931005969,4.424515724182129
000649, 375,55.114514951402242,4.279364612450338,6.692629814147949
000648, 376,21.871084811402437,3.003930624325230,2.700035810470581
000646, 377,9.457333615935818,5.592070473636268,3.335476160049438
000645, 378,11.630069351327295,4.745573356534252,3.443699359893799
000644, 379,40.004540595583904,5.706325988597288,3.912766933441162
000642, 380,24.003649584357301,8.880680165638660,4.903733730316162
000641, 381,11.017254840573891,8.581243677438204,3.966174602508545
000638, 382,26.769837005771851,2.246960186052211,3.506561756134033
000637, 383,24.456020720341535,5.535049918369819,3.129436731338501
000635, 384,19.580749912294614,3.165963830072409,1.775093555450439
000634, 385,36.633244031695781,5.805469043305849,4.355145454406738
000633, 386,6.667529974426754,3.139062234638076,4.251608371734619
000632, 387,6.448489265543189,7.440649889539640,4.224930763244629
000630, 388,25.996405494464433,4.466430535047900,2.441402673721313
000629, 389,7.977275294791100,4.907833031667755,3.446232080459595
000628, 390,11.200640809983236,2.047683687147344,1.876295328140259
000626, 391,28.086980805143284,7.527131578398447,5.406099319458008
000625, 392,10.549371073337655,3.506744386652527,2.519532203674316
000623, 393,14.776555575599529,1.838467120631420,1.671007990837097
000622, 394,18.620115471924642,3.712223022321021,2.583456277847290
000620, 395,13.129600482373815,4.747075028429530,2.686148881912231
000618, 396,1.840423086141596,4.482015485670221,2.340847492218018
000617, 397,4.775426808087447,5.186766237510004,2.246702909469604
000616, 398,20.391513358186174,10.354856292709631,5.627593040466309
000615, 399,6.847815310743868,7.708108757744086,3.566949844360352
000613, 400,4.412957557578187,4.059899398712711,2.310291051864624
000612, 401,9.636390419973150,3.809173815530924,2.132114648818970
000610, 402,9.825985700568893,7.522687977215312,4.306260108947754
000608, 403,11.952906050636935,2.387570851401039,1.324578285217285
000607, 404,13.986292696881771,3.236179825513168,2.129945278167725
000605, 405,34.110418610285606,3.844717479131821,2.974315643310547
000603, 406,3.526760703235831,3.877904965572493,3.043076276779175
000602, 407,13.400523108233767,5.384712201401381,2.464295625686646
000601, 408,4.078279620061574,6.630706265193765,4.646574974060059
000600, 409,34.082325310759373,2.996140032695819,2.915089607238770
000599, 410,32.166098785254498,3.141856051174551,3.021415472030640
000597, 411,6.717239204078632,5.574558239912221,2.972299575805664
000596, 412,10.743799139378956,2.470687288133149,2.097464323043823
000595, 413,6.817034061380659,3.471849670192723,2.971869945526123
000593, 414,9.934965040543444,6.319812444078804,2.868052482604980
000592, 415,8.174033912512689,8.260276525002858,4.063689231872559
000591, 416,10.720735205318132,4.588356632252654,2.289839267730713
000589, 417,10.097701854098592,4.521945434333083,2.499870538711548
000588, 418,19.959467068976618,7.278960197759043,4.511011600494385
000586, 419,51.838126262100772,11.663367896866003,4.571688175201416
000585, 420,14.669789744280934,4.521926897943098,2.120827436447144
000584, 421,38.019070043100371,7.451057912457860,3.388862609863281
000582, 422,13.062107183389632,1.816673415462552,1.791889905929565
000581, 423,22.615731448128514,6.335898329511100,2.792135000228882
000580, 424,5.477356839439215,6.396474603128865,2.909140586853027
000579, 425,36.144260678007356,5.184704533893168,3.130445003509521
000577, 426,33.939604603559602,5.727942253173135,2.967173814773560
000576, 427,13.974768830492909,4.708549285031083,3.271648168563843
000575, 428,6.740114244140615,4.600519901755682,3.355688095092773
000574, 429,13.373602777305392,4.587422252770716,3.810807228088379
000572, 430,20.037722982137609,1.092943391971475,2.350473642349243
000571, 431,12.428906582815060,4.650620998025430,2.844362974166870
000570, 432,9.975717743242384,10.240953052732978,4.364419937133789
000568, 433,3.437071219001006,4.397087301950502,4.097689151763916
000567, 434,6.693294388972465,2.871308839185638,3.411588907241821
000566, 435,9.968409395412305,3.688970394547286,2.979356527328491
000564, 436,10.494535007886560,5.662996241075199,5.142281055450439
000563, 437,8.868039349553847,8.524387672726553,3.033250570297241
000562, 438,6.173272707025902,7.381176405062442,2.686353206634521
000560, 439,7.912547476529904,3.171639557601001,3.694515466690063
000559, 440,5.379497355483258,5.567665763693740,2.816200733184814
000558, 441,6.974345173827561,7.797110224897844,3.399007558822632
000557, 442,8.562029798790572,5.644763851930729,2.899820566177368
000555, 443,3.518983792496737,2.212302851935705,2.045820951461792
000554, 444,22.306546844770338,6.870983480033564,3.276238679885864
000552, 445,35.752953179353746,5.982070324264856,3.505661010742188
000551, 446,2.328233957324356,7.879492627018632,4.557852268218994
000549, 447,27.263953866660241,3.798424906476183,2.122080087661743
000547, 448,17.051087654070244,5.290354341967287,2.531044244766235
000546, 449,9.588411466528338,11.182160584594316,3.912610292434692
000545, 450,28.903169016520554,18.000985057623510,8.514107704162598
000544, 451,37.396515911149059,19.190908149508740,6.972941875457764
000543, 452,10.448923790927379,8.040538645604615,5.637535095214844
000541, 453,55.332130616989986,7.065857697356126,4.744380474090576
000540, 454,14.842637303388594,2.556733394510975,4.115604400634766
000538, 455,25.541233821216885,8.261684283374171,4.225794315338135
000537, 456,12.791378537830347,6.040650120613018,2.778475284576416
000536, 457,7.892565692725849,6.929374178045245,3.158218860626221
000535, 458,14.475047446071869,8.939139418945325,3.515871047973633
000534, 459,15.441807511577148,9.313640103126938,3.596840858459473
000533, 460,27.245460701869980,5.718198391384183,3.122218847274780
000532, 461,28.487692558959058,5.342678738752901,2.730704545974731
000530, 462,19.022506092193058,4.630178275426250,2.533718824386597
000529, 463,11.839783897059281,1.647914652851451,1.644150376319885
000528, 464,8.658157330512543,2.412743867350879,1.278128027915955
000526, 465,9.842227576727897,6.163573043661750,2.003364801406860
000525, 466,11.220953254722010,4.601027189860296,2.841590404510498
000524, 467,18.257215106672437,5.751991167348766,2.709768056869507
000523, 468,3.586850428007968,8.706423307757253,3.377143144607544
000521, 469,22.459113097609535,5.120620066909654,3.277165889739990
000520, 470,7.090837885020200,2.299270642984784,1.908863186836243
000519, 471,11.097821447541362,3.914514164390459,1.807620167732239
000518, 472,27.688321808837244,4.213046751782100,2.220953464508057
000517, 473,27.219519094225134,1.941008648586934,1.618332147598267
000516, 474,2.042330961178151,3.770936307799335,1.984203934669495
000514, 475,1.388383924979109,4.330998273148076,1.832372426986694
000513, 476,6.794894089700880,6.937637327581537,5.417219161987305
000511, 477,8.486746128671601,5.016506974879440,4.049401760101318
000510, 478,3.974850659498150,5.509306711856544,2.359048366546631
000508, 479,36.683008427905477,8.098089320474047,3.201081275939941
000507, 480,5.675055293659956,5.426948627321561,2.688261508941650
000506, 481,2.133985346129256,3.742248825540721,2.711066961288452
000505, 482,23.049201621318083,6.959477321594349,3.554261445999146
000502, 483,47.369582208264553,3.201908369015398,3.030135869979858
000501, 484,5.862946896650520,10.072955194630513,4.628389835357666
000500, 485,3.048285029748770,3.848649342592057,1.684066891670227
000498, 486,39.530849480263150,13.444632388592378,4.382898330688477
000497, 487,29.965558569407630,4.990706062451674,2.405346870422363
000496, 488,12.303345824697045,4.147257298328671,2.697573661804199
000495, 489,18.535767004335934,5.366008871264984,2.207459926605225
000493, 490,4.811701533452547,6.161411608637358,3.025969743728638
000492, 491,6.424196311351687,4.867140924052233,2.482848167419434
000491, 492,12.626594048271505,5.104942863318810,1.630217194557190
000490, 493,1.745297006302529,6.376477397005776,3.475640296936035
000489, 494,3.129090528461463,3.433529474394393,1.578970193862915
000488, 495,15.907381682670774,2.773812226231335,1.976011753082275
000486, 496,15.424263671207736,7.128218382260766,4.991301059722900
000485, 497,12.683860669647329,4.018344292488961,1.872853875160217
000484, 498,20.607115971962020,4.767089995428374,1.806402325630188
000482, 499,18.112798702929620,1.034064673392588,2.200334548950195
000480, 500,13.448306284681568,6.714299120322337,2.798458337783813
000479, 501,9.976927869144779,4.453465081298321,2.566200971603394
000478, 502,6.031226838844504,3.290400464463081,2.513668298721313
000476, 503,11.223269290874837,5.092790655655555,3.001807928085327
000475, 504,6.855190473175340,4.594490964675769,2.378937959671021
000474, 505,15.294382406005234,3.822743099721485,1.917478442192078
000473, 506,15.160564536171524,6.092747484108266,2.734137773513794
000471, 507,8.057241010796256,3.922474057564502,3.055452346801758
000470, 508,10.797056639446209,9.317565277218645,4.713066577911377
000468, 509,20.238376650216296,7.147316941835423,3.257865190505981
000467, 510,25.084217342750815,4.346987750733810,2.382024049758911
000465, 511,15.138362151559578,9.755947383512245,4.616313934326172
000464, 512,3.160346740513232,9.469491802183500,3.837312459945679
000463, 513,3.198183819008613,9.049088791192712,3.368191957473755
000462, 514,19.547219673010481,6.443084379932417,2.398561716079712
000461, 515,19.378434762037717,6.881496115839057,2.689574956893921
000460, 516,5.735183840818406,7.310693472582851,2.937427282333374
000458, 517,15.461460851748598,5.819409020563078,2.969500303268433
000456, 518,6.791495713214992,4.526889266005969,4.053820133209229
000455, 519,11.651571596849628,11.109435609114144,7.688463211059570
000454, 520,15.061241620100223,2.171835379406106,2.765683412551880
000452, 521,34.419801834385645,2.049222625342813,2.660778284072876
000451, 522,21.349517158234200,5.000534816093547,2.993349552154541
000449, 523,8.633341427608769,2.756567264276424,2.679077863693237
000448, 524,10.839575059763977,2.752246650847582,2.194075107574463
000447, 525,18.458489270494301,3.528411694570942,3.241891860961914
000446, 526,27.491227842714835,10.103791860238811,3.365717172622681
000445, 527,12.892753021712664,5.318752174691619,1.807722687721252
000443, 528,8.451759495445939,4.277452520919166,5.006330490112305
000442, 529,4.104565930762164,7.508233674922264,5.688804626464844
000441, 530,9.397021754040662,7.870906686761458,4.100497245788574
000439, 531,2.986056640545813,2.929039754369788,1.478718996047974
000438, 532,4.625892600872527,3.757276523015622,2.112361669540405
000437, 533,12.907321526994767,6.375037251480191,3.993562459945679
000435, 534,6.962929389921875,0.909515779496672,2.207317113876343
000434, 535,7.280797280933140,11.957416479646129,6.107596397399902
000433, 536,11.687563550985971,5.995153721199556,3.518388509750366
000432, 537,19.536854477274872,6.525103767362820,3.808287858963013
000431, 538,21.755022780060518,5.564072029252785,3.179545640945435
000429, 539,6.215058399715736,5.418638731021149,2.643143653869629
000427, 540,18.304362177387560,4.941121425395107,3.440619230270386
000426, 541,4.328571690707139,6.176569419502785,3.530392885208130
000424, 542,5.315921365857490,7.650106410459101,2.615665435791016
000423, 543,5.310079866063756,7.327819128316560,3.201483249664307
000422, 544,21.698996017093570,6.083839581545280,3.466515064239502
000421, 545,7.339190636769520,7.200868239805963,3.798040151596069
000419, 546,13.208627642337948,4.270146461401080,2.576868057250977
000418, 547,6.356550607386648,7.106395724421660,2.893738985061646
000417, 548,6.858361051719857,6.662491322968078,2.887793779373169
000415, 549,12.820136268558207,1.308095955781088,0.929697394371033
000414, 550,13.270049680381272,8.299292409572082,2.704539060592651
000412, 551,6.609812401455394,5.888453287906242,2.562663078308105
000411, 552,1.487009318575224,3.794888053857545,1.572630286216736
000409, 553,10.466866178388237,2.951898313616001,1.835809350013733
000407, 554,4.479894841571446,7.008961544348973,3.443532943725586
000406, 555,2.775801193383788,5.217109797870617,2.742480754852295
000404, 556,6.700685502664622,8.965198802722780,3.541217327117920
000403, 557,17.852885452141962,9.482935018088561,3.700760126113892
000401, 558,4.704257837134937,3.111910461176776,2.252823114395142
000400, 559,9.196313303259492,5.518691934409662,2.808068513870239
000399, 560,17.791298230901869,7.835672374096361,2.966144561767578
000397, 561,41.370432352383098,2.342744574938106,2.046193599700928
000396, 562,9.929582625492543,4.697613079958522,3.517479896545410
000394, 563,6.673787292223015,4.409401827666639,3.109941959381104
000393, 564,20.602986947264007,3.138672781150557,2.038992643356323
000392, 565,40.010443166551838,4.045757462626319,1.954803109169006
000389, 566,3.550047751347725,1.655546566877099,2.880770444869995
000387, 567,8.491993121033470,4.162847810671567,3.298787117004395
000386, 568,1.610550187278979,3.702433067018655,2.609972000122070
000385, 569,3.790497250297026,0.963166416784779,1.662309765815735
000383, 570,38.725716577837133,3.770737492632772,2.547551631927490
000382, 571,14.744920452227610,5.039529704363934,3.707303762435913
000381, 572,3.366016562381516,4.864988561695113,3.829916238784790
000379, 573,5.773879631452199,1.824778514688359,1.766268491744995
000378, 574,13.012098588325648,3.303312743285577,2.494164228439331
000376, 575,4.811156808181526,5.103814143132966,3.014243602752686
000374, 576,6.250979766043524,15.773735074658932,12.341094970703125
000373, 577,27.854048908109419,3.874811222081951,2.447141885757446
000372, 578,16.238222432479144,6.424353758496548,4.485678672790527
000371, 579,206.789763959003722,7.975676907636944,14.919484138488770
000369, 580,12.958130302679663,5.793368119627223,4.523316860198975
000367, 581,15.039253805330423,3.461256369978972,3.872329473495483
000366, 582,5.576405084794919,4.273224227327490,3.859702348709106
000365, 583,14.426133019835724,3.404096902542033,3.690016269683838
000363, 584,22.844575160796275,16.555282442982787,12.983327865600586
000362, 585,3.419288718065029,6.019298375522202,5.812207698822021
000361, 586,11.348294487857741,3.487705020960753,2.458315849304199
000359, 587,6.903249203030399,6.808631415370765,3.068024158477783
000357, 588,7.839844962288708,7.948737844779973,3.560508489608765
000356, 589,12.012042268021583,7.408551877374024,3.992902755737305
000355, 590,14.787497304475256,8.166448902711762,4.025969028472900
000354, 591,11.003356797267983,8.869914377754881,4.245338439941406
000352, 592,14.234612329823026,1.920548958098953,5.690747261047363
000351, 593,23.400496010700500,3.712078528364975,3.134145259857178
000349, 594,14.154278942942231,3.755169325813903,2.277042865753174
000348, 595,37.642434850931927,9.649578151123462,5.392774581909180
000347, 596,17.501814790599980,8.818517123384526,4.107968807220459
000346, 597,6.666440939786052,5.191163253346174,2.889804363250732
000344, 598,4.579188411302252,7.798617143112194,3.942632913589478
000343, 599,8.836509904854504,4.426991934816065,3.203977108001709
000342, 600,13.082914859921212,3.884946136365178,2.304644823074341
000340, 601,6.199636528772149,8.374663654425902,4.070153236389160
000339, 602,17.673979123773055,2.448706668680216,1.494161009788513
000338, 603,12.139663572650949,3.745273002445037,3.758349657058716
000336, 604,32.183895942947586,6.843439399599195,5.216489315032959
000335, 605,21.930246910838001,2.515783168616510,4.108079433441162
000334, 606,8.558259179876222,4.371465589369454,4.677942276000977
000333, 607,4.481245993245529,5.539774468936469,3.704281091690063
000332, 608,15.966428924412863,3.700898154501501,3.871301651000977
000331, 609,23.285583107248520,3.866357811165607,4.086896419525146
000329, 610,14.844731071734223,15.804617029098456,9.349984169006348
000328, 611,12.584551215080701,10.120857277565944,6.870762825012207
000327, 612,16.411778593419950,11.686236693028951,7.672077178955078
000325, 613,5.315723588193835,4.193038181622853,1.816784262657166
000324, 614,3.240879671066642,7.958989183923927,3.606905937194824
000323, 615,17.654110675701620,8.913640833016560,4.038829803466797
000322, 616,35.163270713004984,1.960642744016743,3.539735078811646
000320, 617,16.351489352156499,8.625034128040305,3.662425518035889
000319, 618,2.828881061685921,7.878627067628496,4.155546188354492
000318, 619,32.353780820700806,3.692763336068186,2.580824613571167
000316, 620,27.411834437616132,2.451392573696674,2.108160734176636
000315, 621,11.068734019821759,4.473142452069843,2.405133724212646
000313, 622,13.817628934536186,5.524070509539572,3.858467578887939
000312, 623,13.317276639623881,2.260293486825853,3.707440614700317
000311, 624,6.157542445636819,2.836889342466553,1.894209861755371
000310, 625,9.145415117482701,3.978546809704450,2.953755617141724
000309, 626,19.399082065389610,6.718089990545638,3.928461790084839
000308, 627,8.692820167597988,11.399700023388368,5.252340793609619
000306, 628,23.600836813028106,5.494411805703674,2.927496194839478
000305, 629,51.296840577381865,6.543454955888371,3.642187833786011
000304, 630,9.439611981735624,5.361718863658513,2.746898412704468
000303, 631,7.482597904693304,3.718528096872085,2.301072835922241
000301, 632,14.915367625402533,3.321495719506989,2.159238576889038
000300, 633,4.699769551203421,1.282814950614468,1.566171288490295
000298, 634,22.331181627507391,13.119713334137334,5.686938285827637
000297, 635,7.671884020370205,6.369052220433653,3.517814636230469
000296, 636,6.738263605730642,1.100065737716486,3.935384273529053
000295, 637,9.811480675369502,3.982386461629081,3.769586563110352
000294, 638,8.479559708111582,4.983209373549554,3.847847700119019
000293, 639,7.563849424816731,5.892764861387907,5.065885066986084
000291, 640,7.649810663818203,3.158226330394052,1.926105976104736
000290, 641,3.324334134870152,2.543464461284600,2.099611520767212
000289, 642,4.596084467834205,5.851732557802543,4.414257049560547
000287, 643,11.369968991896894,0.917695339986597,0.699214994907379
000286, 644,3.224315832656351,0.958205124493847,0.850812315940857
000284, 645,6.647971056891089,2.564629409878669,2.328367471694946
000282, 646,5.817552510409321,4.594346618670226,4.029589176177979
000281, 647,5.903513267171084,3.533794252475503,2.991122245788574
000280, 648,16.342719505316978,4.624042133010448,2.074615716934204
000278, 649,8.435865725681483,5.118124073056689,2.017911672592163
000277, 650,4.935849414468594,11.230507895549296,6.373892784118652
000275, 651,26.511091441319635,3.361066272557351,2.887629508972168
000273, 652,8.138713242796593,3.751089746515528,2.959381818771362
000272, 653,5.959506593123672,2.204933028556510,3.646575689315796
000270, 654,31.859412779546894,3.300129800708622,3.276180267333984
000269, 655,14.357105777913372,3.507024460625670,2.771243095397949
000268, 656,27.473716467799107,7.153317494711240,3.819432258605957
000266, 657,17.560766639371437,1.567354568756634,2.222131967544556
000265, 658,5.361946682040109,2.076310418678985,1.444730639457703
000264, 659,11.385320382714797,2.275503598439131,1.205848336219788
000263, 660,14.808961536332692,6.756684568890648,2.539055585861206
000262, 661,16.936469547272861,2.977715641804664,1.648138523101807
000261, 662,1.037999420629156,2.857140788728236,1.538584232330322
000259, 663,4.829486423521725,2.249195315977889,2.181785583496094
000258, 664,20.826278531651418,4.015820372392025,1.813453316688538
000257, 665,20.257422399222875,7.100737047575993,3.391496419906616
000256, 666,13.915067437942440,6.523322504206030,3.124495267868042
000254, 667,17.662243933001076,9.198203457028962,4.387643337249756
000252, 668,4.808530804148956,3.529938565910940,2.588892698287964
000251, 669,24.567023081593089,2.984131008763342,2.702814817428589
000250, 670,22.114833191506758,3.269984979390072,3.085573196411133
000248, 671,10.883538421848536,7.130786194715397,3.647816896438599
000247, 672,23.458602337156929,5.783025011359285,3.611455202102661
000246, 673,29.043722480427782,4.185103370739166,5.651719570159912
000245, 674,36.777193019332110,10.626505396397443,5.232544898986816
000244, 675,18.489533187849780,11.324639246508488,5.825082778930664
000243, 676,37.657965585714194,7.055312212343495,4.831701755523682
000241, 677,3.288040915186695,2.060398096176530,1.106941223144531
000239, 678,47.730511590378491,5.009976594477058,5.636030197143555
000238, 679,13.139001477407437,3.051759427355629,2.149213314056396
000237, 680,6.290773670777690,2.926479197311880,2.038824319839478
000235, 681,91.451961251699487,7.907515322133134,5.142975330352783
000234, 682,45.396807852182071,21.815222783056871,14.925679206848145
000233, 683,70.405060073887043,6.407863687916691,4.080191135406494
000231, 684,158.934984896765968,14.708177964927646,6.189126014709473
000230, 685,40.046947534930275,6.531358670175045,4.771172046661377
000229, 686,33.706086519384876,10.589233926147509,6.199139595031738
000227, 687,55.890946999549612,8.606637210293025,4.524833679199219
000225, 688,11.540528383684588,6.586000916466772,3.214432716369629
000224, 689,59.110435073242527,3.197321201860592,3.321572303771973
000223, 690,20.236609555263858,11.588764979026310,7.599249839782715
000222, 691,10.723114908025073,8.209169135556090,4.257814884185791
000220, 692,13.041243087118907,2.355116544873874,1.518988013267517
000219, 693,14.885210466919380,4.421379986185886,1.820505142211914
000218, 694,39.796079966430860,4.815038888163551,2.939474821090698
000216, 695,11.965300272239773,5.599603693163881,2.493926048278809
000214, 696,26.693751565771365,1.937285403852021,2.919113636016846
000213, 697,67.194397718084431,1.770236662560374,4.212367534637451
000212, 698,11.332560143319165,7.482088073916914,3.651181221008301
000209, 699,15.062005758222556,2.554635469199766,1.668313980102539
000207, 700,2.144467952557022,3.717351727441496,2.225196123123169
000206, 701,9.118426638440523,2.679563025389834,2.658372640609741
000205, 702,22.155906384307066,7.294865501102656,5.336679935455322
000203, 703,48.493428679925820,3.885015567189659,4.442328453063965
000202, 704,44.869503522836432,2.962128167241820,3.560863494873047
000201, 705,66.000665770403288,1.540593448049388,4.770705699920654
000200, 706,50.669173687021100,1.969287981478957,3.637359380722046
000199, 707,45.402860771822766,4.829321788067391,3.173677444458008
000197, 708,13.391876206803397,5.433114865866188,2.590209960937500
000196, 709,12.821189425172529,4.988574462272403,5.719065189361572
000194, 710,40.135313236127587,5.793162324711245,5.605592727661133
000193, 711,4.667951881989315,2.839790448414714,2.128522396087646
000192, 712,5.382841135804516,5.428607540222402,2.371095418930054
000190, 713,11.573224706300708,6.090780618620178,2.912634849548340
000189, 714,7.820644110588188,11.276818023420676,4.409330368041992
000188, 715,7.154493639263471,6.839643935529142,3.480483293533325
000187, 716,22.764840843854930,4.070234169441716,2.435014486312866
000186, 717,6.120666364280870,4.232673223934189,3.099771022796631
000184, 718,26.132713386337585,3.639987027195321,2.032751321792603
000182, 719,13.848006704445007,3.318844864758147,2.148674726486206
000181, 720,10.268095754818306,4.252368031133832,2.393813610076904
000180, 721,8.437962736012834,1.683564628485569,3.582772493362427
000178, 722,8.061599777973999,12.867381182094800,5.220489978790283
000177, 723,3.299957845944707,7.497107277425407,3.799944877624512
000176, 724,6.238249607610904,8.365641430288820,3.643093585968018
000175, 725,38.311875794898711,8.159383486614193,3.034702301025391
000173, 726,6.951681153133610,3.923320325822019,2.512197494506836
000171, 727,24.715854686047606,5.783235041029334,2.577563762664795
000170, 728,24.066980794788009,9.518668539701682,3.418220520019531
000169, 729,17.829075794264252,4.272862900938735,2.866421937942505
000168, 730,10.038756517257168,2.673364046054838,2.283121824264526
000166, 731,17.486431585342409,3.502756344367251,1.907345294952393
000165, 732,29.516658011816244,8.042664927396686,3.184483289718628
000163, 733,48.169663659307744,8.456359692383582,3.758002996444702
000161, 734,20.415322202244234,3.131264389890198,2.693990707397461
000160, 735,28.944366405560341,2.899552317256631,1.910492062568665
000159, 736,21.231705599781545,3.156290382721075,1.850936770439148
000157, 737,5.903364633788098,3.034003405487673,1.333072662353516
000156, 738,7.117594808445970,6.756087859561125,3.609968900680542
000155, 739,3.655691568895496,1.929516915210185,1.904991865158081
000153, 740,8.784441833937523,2.765351637291404,1.351773500442505
000152, 741,1.639696308655700,1.846645827520831,1.265497684478760
000150, 742,11.364680772133671,4.818424296217152,2.167369127273560
000149, 743,1.004742121047587,2.567609056685596,0.995381176471710
000148, 744,8.349935629037638,11.430679236118632,4.676355838775635
000146, 745,11.461193526754867,3.035517577948461,1.662766337394714
000145, 746,8.032274038192011,4.049711192919641,2.276610851287842
000144, 747,18.611115273227291,3.513508932943710,2.025824546813965
000143, 748,11.822008734025667,6.456664914970622,3.473979949951172
000141, 749,64.915220609591529,4.697908506773850,3.045630216598511
000140, 750,108.340145224809532,12.967671934033753,5.451721668243408
000139, 751,24.887748485609762,3.184233822526445,2.103562355041504
000137, 752,6.381044099415295,1.528072089704145,2.735388278961182
000136, 753,14.994932270302918,4.655504203250803,2.785852432250977
000135, 754,33.925965315041061,3.045736914401053,2.438941240310669
000133, 755,26.486484629474354,3.559343768744228,2.496084928512573
000132, 756,45.229608341741681,4.280555584637232,2.906159162521362
000131, 757,30.135103996009569,4.387384639772576,3.287817478179932
000130, 758,6.675387144121347,9.327298644605426,4.306948184967041
000129, 759,6.091304350442236,11.263786249640562,5.518247127532959
000128, 760,11.299110819768229,10.335437777384332,4.079206943511963
000127, 761,20.259873447679304,4.552067128027797,1.849286794662476
000125, 762,1.725204559673398,5.560394565108441,3.016744852066040
000124, 763,7.428120168069623,2.085000398173239,2.521017551422119
000123, 764,34.829261381475867,8.163073461736118,3.192703008651733
000122, 765,13.363012796844844,4.806004136165691,2.886142730712891
000120, 766,10.258836063577361,5.465362406651260,2.422307252883911
000119, 767,18.224684503448433,3.519991120118509,2.653693914413452
000118, 768,19.079943625055435,3.179006568881812,2.280178546905518
000117, 769,4.647490247985700,4.742750567883898,2.165615797042847
000115, 770,7.844936304112616,8.879770791883061,4.556748390197754
000114, 771,23.386986927615730,5.758240618008023,2.872494220733643
000113, 772,4.388888505044055,7.875999030846242,5.095662117004395
000112, 773,9.492964588891624,4.351489047044767,3.672624826431274
000110, 774,2.043969534765644,4.575159402761563,2.276017189025879
000109, 775,10.260110906793209,6.822267656816122,6.034402847290039
000108, 776,15.748058528203329,6.505093758801071,3.867214202880859
000107, 777,31.824971188178932,5.284293628124776,3.021804571151733
000106, 778,17.374157356594257,1.269221775878649,3.008108854293823
000105, 779,9.715182262059040,7.024829306305739,3.149967670440674
000104, 780,3.339607031258315,3.844180566707947,3.091355562210083
000102, 781,7.913672789300005,3.786668921444441,3.426406145095825
000101, 782,10.361903986365490,8.052846715008730,4.100352764129639
000100, 783,6.084615021996560,22.567664498858637,9.460137367248535
000098, 784,3.639154685014985,1.917331638464289,2.177323579788208
000097, 785,5.227568272650366,2.918610812853015,1.820913434028625
000096, 786,20.296175630574854,9.838715734996462,4.172363758087158
000095, 787,17.094821569946966,8.010850832392887,2.686165332794189
000094, 788,8.192963345744944,11.300023658324314,4.205111026763916
000092, 789,25.865115480351875,3.561069103091207,1.973624825477600
000091, 790,17.088224205887673,4.041720239641974,2.537684202194214
000090, 791,15.497075809425287,5.112148110299633,2.742526292800903
000088, 792,21.190469943613071,3.975574683597226,1.656942844390869
000087, 793,20.658581034510025,4.029217042567627,3.972808599472046
000086, 794,15.934300753584434,2.733650909536843,1.566680192947388
000085, 795,9.697280144851206,2.681753171059266,2.158417224884033
000083, 796,11.992513595321782,1.823832156117882,1.679661035537720
000082, 797,14.221227233801910,0.639179324741131,1.510886907577515
000081, 798,13.219531709751392,2.879474697504884,2.431663751602173
000080, 799,14.760016048807335,8.147589134671644,2.342190265655518
000078, 800,10.043841384383223,1.728679676772753,1.962950110435486
000077, 801,8.244919781527301,3.612580205093833,3.943951845169067
000076, 802,22.711504711020918,4.185708929229878,3.237939119338989
000074, 803,53.207896976826774,1.509317125376632,2.685794830322266
000073, 804,37.336735640220070,3.820724982725928,4.222827911376953
000072, 805,9.775957046004940,4.640316523922418,4.283061504364014
000071, 806,3.750699906362812,4.958104796483958,4.215092182159424
000070, 807,5.960277396073391,8.086066109127549,4.662446975708008
000069, 808,23.624059930812365,5.623556371649618,3.601748704910278
000067, 809,2.966834407199071,4.148629793850509,2.267832994461060
000066, 810,11.362031529206524,2.174080155343561,1.465093255043030
000065, 811,5.666829842479560,2.236139460259861,2.387278079986572
000064, 812,14.170904536258874,1.749612560646640,2.473502635955811
000062, 813,8.980814063311543,6.469088315996928,5.005125522613525
000061, 814,5.307005756084072,4.149237526303569,3.198982477188110
000060, 815,3.149613890758814,6.774997247074933,3.732215404510498
000058, 816,3.631873430412986,3.506484436828860,1.822402834892273
000057, 817,7.837051769482960,2.109976266430669,2.783169746398926
000055, 818,6.154548307111733,1.872143381847181,2.171421289443970
000053, 819,5.092571532040335,4.091232920895258,2.603478193283081
000052, 820,6.867505540835700,3.083751375152799,3.766162633895874
000050, 821,13.207973281453821,4.462741008439151,2.701797962188721
000049, 822,24.697237875727346,2.308070979111744,2.077486991882324
000047, 823,13.175566342807493,3.083010335946489,2.886456489562988
000046, 824,2.385472366593268,4.409934832663371,2.278391122817993
000045, 825,5.391508947593130,3.656213302060892,2.392333507537842
000043, 826,16.582249583743231,3.546105932205024,2.423181295394897
000042, 827,15.927257465689898,2.846135211859517,1.866574525833130
000041, 828,98.622604400804192,9.397655644270911,5.930968761444092
000040, 829,109.035849345924433,7.867828181786977,6.541421890258789
000039, 830,115.187181266388606,9.124692612684798,5.726786136627197
000038, 831,141.531132871446971,13.575567515296505,7.485013484954834
000036, 832,23.376820402971102,2.659081198969771,2.232067346572876
000035, 833,41.227745383132010,2.761406843083352,3.139302730560303
000034, 834,49.660191962911114,2.186928619741307,4.427788734436035
000032, 835,57.341109039839225,2.230858798378469,3.603932857513428
000031, 836,4.262960870027558,4.418547659084430,3.036917686462402
000029, 837,33.193868630863712,4.536670796218962,2.182693243026733
000027, 838,11.575957274031873,11.655308796516623,4.529883384704590
000026, 839,2.891279208043587,1.260491075227979,2.060406923294067
000024, 840,4.647436354364213,2.354940160017919,2.643660545349121
000023, 841,17.593106540600587,6.578551615979844,3.211797475814819
000022, 842,14.273997131460554,4.239455873747352,4.543564796447754
000020, 843,4.282752963629838,3.803610925696375,2.376472949981689
000019, 844,8.197006965809486,3.610056274690712,2.337282419204712
000017, 845,4.284827147112908,2.661560851596007,2.062151193618774
000016, 846,8.638854457550680,2.762526395772450,1.699020147323608
000015, 847,1.956629397204127,2.087042840043715,1.352713465690613
000013, 848,7.136638510637649,2.239601021683522,2.790149688720703
000012, 849,4.335447731424341,6.794312003014292,2.834974527359009
000010, 850,5.332782565424606,1.093591466240464,2.872750282287598
000007, 851,17.818625488034861,3.439511631904362,2.331817150115967
000003, 852,12.085795598918860,2.813669138637541,2.431433916091919
000002, 853,13.948812687137087,2.919705305668155,2.861788988113403
000000, 854,24.294651946617108,5.945128997158906,2.824201583862305
